algoritmo,mae,rsd,lsd,mbre,mmer,sa
OLS,6.989703284002294,4.1149766147818765,0.6111436582854862,0.7107656701542417,0.4764381907975927,0.9930102967159976
ABE,13.0075,12.92673444193781,0.971877323556643,1.3272992611672072,0.8091576181157082,0.9869924999999999
Adaboost,10.564931307118806,8.84370356758986,0.8196199930328233,1.1261357176664328,0.6013640016922707,0.9894350686928812
ANN,34.05201360487778,11.806325411056152,1.255877369278126,4.553735111751164,0.9100878332872188,0.9659479863951222
Bagging,10.83,10.406515019808236,0.8059923144190767,1.0746653746694417,0.605248496804891,0.98917
CART,10.804166666666667,6.882346987377522,0.7899376050262117,1.1241278232349046,0.5773625712573663,0.9891958333333334
ElasticNET,6.824777178073353,3.7783706801254775,0.8092211652359722,1.0306868264532183,0.5522003176100954,0.9931752228219266
GBM,10.584603782225974,7.565467949399013,0.8759416577878323,1.9231100424578402,0.4768375471427421,0.989415396217774
LARS,21.16494569216012,14.943384434487012,1.26061520412662,-1.1257044642112444,-4.079096039745531,0.97883505430784
LASSO,6.839711984700501,3.817361941898771,0.8076549000026091,1.0289333994882215,0.5489986777953212,0.9931602880152997
RF,9.80937851881914,7.76472436859923,0.7264264199102541,1.0590884714921285,0.4818382892240766,0.9901906214811808
Ridge,6.791760748396517,3.8202548791016167,0.7832829678009972,0.9835554409948069,0.5258150541443728,0.9932082392516036
SVR,14.451411481664698,14.883307269879936,1.277031777462679,2.101213719510327,1.253050176980592,0.9855485885183352
Deep,17.661589366756377,16.74769587090936,3.651232548562806,49.924013633134,49.865385558124906,0.9823384106332437
